filename,onset,offset,class
mixed_audio0a.wav,0.0,4.08306,silence
mixed_audio0a.wav,4.08306,5.08306,music
mixed_audio0a.wav,5.08306,6.90256,silence
mixed_audio0a.wav,6.90256,9.902560000000001,speech
mixed_audio0a.wav,9.902560000000001,10.0,silence
mixed_audio100a.wav,0.0,1.87481,silence
mixed_audio100a.wav,1.87481,4.87481,speech
mixed_audio100a.wav,4.87481,6.70531,silence
mixed_audio100a.wav,6.70531,7.70531,music
mixed_audio100a.wav,7.70531,10.0,silence
mixed_audio101a.wav,0.0,0.74662,silence
mixed_audio101a.wav,0.74662,2.74662,music
mixed_audio101a.wav,2.74662,7.33675,silence
mixed_audio101a.wav,7.33675,9.33675,speech
mixed_audio101a.wav,9.33675,10.0,silence
mixed_audio102a.wav,0.0,0.5535,silence
mixed_audio102a.wav,0.5535,2.5535,speech
mixed_audio102a.wav,2.5535,5.83256,silence
mixed_audio102a.wav,5.83256,8.83256,music
mixed_audio102a.wav,8.83256,10.0,silence
mixed_audio103a.wav,0.0,0.69325,silence
mixed_audio103a.wav,0.69325,2.69325,music
mixed_audio103a.wav,2.69325,6.76187,silence
mixed_audio103a.wav,6.76187,9.76187,speech
mixed_audio103a.wav,9.76187,10.0,silence
mixed_audio104a.wav,0.0,0.66531,silence
mixed_audio104a.wav,0.66531,3.66531,music
mixed_audio104a.wav,3.66531,8.96075,silence
mixed_audio104a.wav,8.96075,9.96075,speech
mixed_audio104a.wav,9.96075,10.0,silence
mixed_audio105a.wav,0.0,3.5475,silence
mixed_audio105a.wav,3.5475,5.547499999999999,speech
mixed_audio105a.wav,5.547499999999999,6.14225,silence
mixed_audio105a.wav,6.14225,9.14225,music
mixed_audio105a.wav,9.14225,10.0,silence
mixed_audio106a.wav,0.0,0.32656,silence
mixed_audio106a.wav,0.32656,1.32656,speech
mixed_audio106a.wav,1.32656,1.84425,silence
mixed_audio106a.wav,1.84425,5.84425,music
mixed_audio106a.wav,5.84425,10.0,silence
mixed_audio107a.wav,0.0,4.10725,silence
mixed_audio107a.wav,4.10725,6.10725,music
mixed_audio107a.wav,6.10725,6.91,silence
mixed_audio107a.wav,6.91,8.91,speech
mixed_audio107a.wav,8.91,10.0,silence
mixed_audio108a.wav,0.0,0.34181,silence
mixed_audio108a.wav,0.34181,1.34181,music
mixed_audio108a.wav,1.34181,7.14462,silence
mixed_audio108a.wav,7.14462,8.14462,speech
mixed_audio108a.wav,8.14462,10.0,silence
mixed_audio109a.wav,0.0,1.07387,silence
mixed_audio109a.wav,1.07387,3.0738700000000003,music
mixed_audio109a.wav,3.0738700000000003,6.55519,silence
mixed_audio109a.wav,6.55519,8.55519,speech
mixed_audio109a.wav,8.55519,10.0,silence
mixed_audio10a.wav,0.0,3.22944,silence
mixed_audio10a.wav,3.22944,5.22944,music
mixed_audio10a.wav,5.22944,5.54744,silence
mixed_audio10a.wav,5.54744,9.54744,speech
mixed_audio10a.wav,9.54744,10.0,silence
mixed_audio110a.wav,0.0,1.21569,silence
mixed_audio110a.wav,1.21569,4.21569,speech
mixed_audio110a.wav,4.21569,4.86206,silence
mixed_audio110a.wav,4.86206,6.86206,music
mixed_audio110a.wav,6.86206,10.0,silence
mixed_audio111a.wav,0.0,1.55506,silence
mixed_audio111a.wav,1.55506,4.55506,speech
mixed_audio111a.wav,4.55506,5.71919,silence
mixed_audio111a.wav,5.71919,8.719190000000001,music
mixed_audio111a.wav,8.719190000000001,10.0,silence
mixed_audio112a.wav,0.0,2.31312,silence
mixed_audio112a.wav,2.31312,3.31312,speech
mixed_audio112a.wav,3.31312,3.96881,silence
mixed_audio112a.wav,3.96881,7.9688099999999995,music
mixed_audio112a.wav,7.9688099999999995,10.0,silence
mixed_audio113a.wav,0.0,1.58769,silence
mixed_audio113a.wav,1.58769,4.58769,music
mixed_audio113a.wav,4.58769,6.70806,silence
mixed_audio113a.wav,6.70806,9.70806,speech
mixed_audio113a.wav,9.70806,10.0,silence
mixed_audio114a.wav,0.0,3.99613,silence
mixed_audio114a.wav,3.99613,5.99613,music
mixed_audio114a.wav,5.99613,7.33806,silence
mixed_audio114a.wav,7.33806,8.338059999999999,speech
mixed_audio114a.wav,8.338059999999999,10.0,silence
mixed_audio115a.wav,0.0,0.92269,silence
mixed_audio115a.wav,0.92269,2.9226900000000002,music
mixed_audio115a.wav,2.9226900000000002,3.01875,silence
mixed_audio115a.wav,3.01875,6.01875,speech
mixed_audio115a.wav,6.01875,10.0,silence
mixed_audio116a.wav,0.0,2.24194,silence
mixed_audio116a.wav,2.24194,4.24194,speech
mixed_audio116a.wav,4.24194,4.56175,silence
mixed_audio116a.wav,4.56175,6.56175,music
mixed_audio116a.wav,6.56175,10.0,silence
mixed_audio117a.wav,0.0,0.15488,silence
mixed_audio117a.wav,0.15488,4.15488,speech
mixed_audio117a.wav,4.15488,4.37269,silence
mixed_audio117a.wav,4.37269,8.37269,music
mixed_audio117a.wav,8.37269,10.0,silence
mixed_audio118a.wav,0.0,2.21906,silence
mixed_audio118a.wav,2.21906,3.21906,music
mixed_audio118a.wav,3.21906,5.76506,silence
mixed_audio118a.wav,5.76506,9.76506,speech
mixed_audio118a.wav,9.76506,10.0,silence
mixed_audio119a.wav,0.0,3.52919,silence
mixed_audio119a.wav,3.52919,4.52919,speech
mixed_audio119a.wav,4.52919,5.25063,silence
mixed_audio119a.wav,5.25063,9.250630000000001,music
mixed_audio119a.wav,9.250630000000001,10.0,silence
mixed_audio11a.wav,0.0,1.92281,silence
mixed_audio11a.wav,1.92281,5.92281,speech
mixed_audio11a.wav,5.92281,6.04012,silence
mixed_audio11a.wav,6.04012,9.04012,music
mixed_audio11a.wav,9.04012,10.0,silence
mixed_audio120a.wav,0.01794,3.01794,speech
mixed_audio120a.wav,3.01794,4.07094,silence
mixed_audio120a.wav,4.07094,7.07094,music
mixed_audio120a.wav,7.07094,10.0,silence
mixed_audio121a.wav,0.0,0.475,silence
mixed_audio121a.wav,0.475,3.475,music
mixed_audio121a.wav,3.475,4.98006,silence
mixed_audio121a.wav,4.98006,8.98006,speech
mixed_audio121a.wav,8.98006,10.0,silence
mixed_audio122a.wav,0.0,1.58344,silence
mixed_audio122a.wav,1.58344,2.58344,music
mixed_audio122a.wav,2.58344,4.29537,silence
mixed_audio122a.wav,4.29537,8.29537,speech
mixed_audio122a.wav,8.29537,10.0,silence
mixed_audio123a.wav,0.0,1.83881,silence
mixed_audio123a.wav,1.83881,3.83881,music
mixed_audio123a.wav,3.83881,3.91469,silence
mixed_audio123a.wav,3.91469,7.91469,speech
mixed_audio123a.wav,7.91469,10.0,silence
mixed_audio124a.wav,0.0,2.15013,silence
mixed_audio124a.wav,2.15013,3.15013,speech
mixed_audio124a.wav,3.15013,3.42525,silence
mixed_audio124a.wav,3.42525,5.42525,music
mixed_audio124a.wav,5.42525,10.0,silence
mixed_audio125a.wav,0.0,2.36956,silence
mixed_audio125a.wav,2.36956,5.36956,speech
mixed_audio125a.wav,5.36956,5.72425,silence
mixed_audio125a.wav,5.72425,8.72425,music
mixed_audio125a.wav,8.72425,10.0,silence
mixed_audio126a.wav,0.0,2.45119,silence
mixed_audio126a.wav,2.45119,3.45119,music
mixed_audio126a.wav,3.45119,7.67869,silence
mixed_audio126a.wav,7.67869,9.67869,speech
mixed_audio126a.wav,9.67869,10.0,silence
mixed_audio127a.wav,0.0,3.19069,silence
mixed_audio127a.wav,3.19069,4.19069,music
mixed_audio127a.wav,4.19069,7.95675,silence
mixed_audio127a.wav,7.95675,9.95675,speech
mixed_audio127a.wav,9.95675,10.0,silence
mixed_audio128a.wav,0.0,0.34413,silence
mixed_audio128a.wav,0.34413,1.34413,music
mixed_audio128a.wav,1.34413,4.79462,silence
mixed_audio128a.wav,4.79462,7.79462,speech
mixed_audio128a.wav,7.79462,10.0,silence
mixed_audio129a.wav,0.0,1.52012,silence
mixed_audio129a.wav,1.52012,4.52012,speech
mixed_audio129a.wav,4.52012,5.25194,silence
mixed_audio129a.wav,5.25194,9.251940000000001,music
mixed_audio129a.wav,9.251940000000001,10.0,silence
mixed_audio12a.wav,0.0,2.2275,silence
mixed_audio12a.wav,2.2275,4.2275,music
mixed_audio12a.wav,4.2275,4.62413,silence
mixed_audio12a.wav,4.62413,5.62413,speech
mixed_audio12a.wav,5.62413,10.0,silence
mixed_audio130a.wav,0.0,2.016,silence
mixed_audio130a.wav,2.016,3.016,music
mixed_audio130a.wav,3.016,6.16956,silence
mixed_audio130a.wav,6.16956,9.16956,speech
mixed_audio130a.wav,9.16956,10.0,silence
mixed_audio131a.wav,0.0,0.8185,silence
mixed_audio131a.wav,0.8185,3.8185000000000002,speech
mixed_audio131a.wav,3.8185000000000002,4.12175,silence
mixed_audio131a.wav,4.12175,8.121749999999999,music
mixed_audio131a.wav,8.121749999999999,10.0,silence
mixed_audio132a.wav,0.0,1.14531,silence
mixed_audio132a.wav,1.14531,3.1453100000000003,speech
mixed_audio132a.wav,3.1453100000000003,6.92887,silence
mixed_audio132a.wav,6.92887,9.92887,music
mixed_audio132a.wav,9.92887,10.0,silence
mixed_audio133a.wav,0.0,2.35531,silence
mixed_audio133a.wav,2.35531,5.355309999999999,speech
mixed_audio133a.wav,5.355309999999999,7.38488,silence
mixed_audio133a.wav,7.38488,9.384879999999999,music
mixed_audio133a.wav,9.384879999999999,10.0,silence
mixed_audio134a.wav,0.0,0.29487,silence
mixed_audio134a.wav,0.29487,4.29487,speech
mixed_audio134a.wav,4.29487,4.6235,silence
mixed_audio134a.wav,4.6235,8.6235,music
mixed_audio134a.wav,8.6235,10.0,silence
mixed_audio135a.wav,0.0,3.2665,silence
mixed_audio135a.wav,3.2665,6.266500000000001,speech
mixed_audio135a.wav,6.266500000000001,7.45525,silence
mixed_audio135a.wav,7.45525,9.45525,music
mixed_audio135a.wav,9.45525,10.0,silence
mixed_audio136a.wav,0.0,1.82369,silence
mixed_audio136a.wav,1.82369,3.82369,speech
mixed_audio136a.wav,3.82369,4.71719,silence
mixed_audio136a.wav,4.71719,5.71719,music
mixed_audio136a.wav,5.71719,10.0,silence
mixed_audio137a.wav,0.0,0.91287,silence
mixed_audio137a.wav,0.91287,3.91287,music
mixed_audio137a.wav,3.91287,7.32644,silence
mixed_audio137a.wav,7.32644,9.32644,speech
mixed_audio137a.wav,9.32644,10.0,silence
mixed_audio138a.wav,0.0,2.97613,silence
mixed_audio138a.wav,2.97613,5.9761299999999995,music
mixed_audio138a.wav,5.9805,9.9805,speech
mixed_audio139a.wav,0.02038,1.02038,speech
mixed_audio139a.wav,1.02038,3.6835,silence
mixed_audio139a.wav,3.6835,6.6835,music
mixed_audio139a.wav,6.6835,10.0,silence
mixed_audio13a.wav,0.0,4.67275,silence
mixed_audio13a.wav,4.67275,6.67275,music
mixed_audio13a.wav,6.67581,8.67581,speech
mixed_audio13a.wav,8.67581,10.0,silence
mixed_audio140a.wav,0.0,0.07869,silence
mixed_audio140a.wav,0.07869,4.07869,speech
mixed_audio140a.wav,4.07869,5.31112,silence
mixed_audio140a.wav,5.31112,9.311119999999999,music
mixed_audio140a.wav,9.311119999999999,10.0,silence
mixed_audio141a.wav,0.0,1.68312,silence
mixed_audio141a.wav,1.68312,3.6831199999999997,music
mixed_audio141a.wav,3.6831199999999997,6.49106,silence
mixed_audio141a.wav,6.49106,7.49106,speech
mixed_audio141a.wav,7.49106,10.0,silence
mixed_audio142a.wav,0.0,2.45144,silence
mixed_audio142a.wav,2.45144,6.45144,music
mixed_audio142a.wav,6.45144,6.93256,silence
mixed_audio142a.wav,6.93256,9.932559999999999,speech
mixed_audio142a.wav,9.932559999999999,10.0,silence
mixed_audio143a.wav,0.0,3.88169,silence
mixed_audio143a.wav,3.88169,5.88169,speech
mixed_audio143a.wav,5.88169,6.30906,silence
mixed_audio143a.wav,6.30906,8.309059999999999,music
mixed_audio143a.wav,8.309059999999999,10.0,silence
mixed_audio144a.wav,0.0,0.43531,silence
mixed_audio144a.wav,0.43531,3.43531,speech
mixed_audio144a.wav,3.43531,3.73037,silence
mixed_audio144a.wav,3.73037,5.730370000000001,music
mixed_audio144a.wav,5.730370000000001,10.0,silence
mixed_audio145a.wav,0.0,0.17381,silence
mixed_audio145a.wav,0.17381,1.17381,music
mixed_audio145a.wav,1.17381,5.52106,silence
mixed_audio145a.wav,5.52106,8.52106,speech
mixed_audio145a.wav,8.52106,10.0,silence
mixed_audio146a.wav,0.0,2.83969,silence
mixed_audio146a.wav,2.83969,4.83969,music
mixed_audio146a.wav,4.83969,5.88194,silence
mixed_audio146a.wav,5.88194,8.88194,speech
mixed_audio146a.wav,8.88194,10.0,silence
mixed_audio147a.wav,0.0,0.98344,silence
mixed_audio147a.wav,0.98344,2.98344,music
mixed_audio147a.wav,2.98344,4.03562,silence
mixed_audio147a.wav,4.03562,7.03562,speech
mixed_audio147a.wav,7.03562,10.0,silence
mixed_audio148a.wav,0.0,1.03331,silence
mixed_audio148a.wav,1.03331,2.03331,speech
mixed_audio148a.wav,2.03719,4.03719,music
mixed_audio148a.wav,4.03719,10.0,silence
mixed_audio149a.wav,0.0,2.90156,silence
mixed_audio149a.wav,2.90156,5.90156,music
mixed_audio149a.wav,5.90156,5.93825,silence
mixed_audio149a.wav,5.93825,9.93825,speech
mixed_audio149a.wav,9.93825,10.0,silence
mixed_audio14a.wav,0.0,1.11769,silence
mixed_audio14a.wav,1.11769,4.11769,speech
mixed_audio14a.wav,4.11769,4.81356,silence
mixed_audio14a.wav,4.81356,7.81356,music
mixed_audio14a.wav,7.81356,10.0,silence
mixed_audio150a.wav,0.0,1.34563,silence
mixed_audio150a.wav,1.34563,2.34563,speech
mixed_audio150a.wav,2.34563,6.34181,silence
mixed_audio150a.wav,6.34181,8.341809999999999,music
mixed_audio150a.wav,8.341809999999999,10.0,silence
mixed_audio151a.wav,0.0,3.05175,silence
mixed_audio151a.wav,3.05175,4.05175,speech
mixed_audio151a.wav,4.05175,8.0925,silence
mixed_audio151a.wav,8.0925,9.0925,music
mixed_audio151a.wav,9.0925,10.0,silence
mixed_audio152a.wav,0.0,2.82094,silence
mixed_audio152a.wav,2.82094,3.82094,speech
mixed_audio152a.wav,3.82094,6.669,silence
mixed_audio152a.wav,6.669,7.669,music
mixed_audio152a.wav,7.669,10.0,silence
mixed_audio153a.wav,0.0,2.20063,silence
mixed_audio153a.wav,2.20063,4.20063,speech
mixed_audio153a.wav,4.20063,5.016,silence
mixed_audio153a.wav,5.016,9.016,music
mixed_audio153a.wav,9.016,10.0,silence
mixed_audio154a.wav,0.0,1.81675,silence
mixed_audio154a.wav,1.81675,4.81675,speech
mixed_audio154a.wav,4.81675,5.48175,silence
mixed_audio154a.wav,5.48175,9.48175,music
mixed_audio154a.wav,9.48175,10.0,silence
mixed_audio155a.wav,0.0,1.373,silence
mixed_audio155a.wav,1.373,5.373,music
mixed_audio155a.wav,5.373,7.65794,silence
mixed_audio155a.wav,7.65794,8.65794,speech
mixed_audio155a.wav,8.65794,10.0,silence
mixed_audio156a.wav,0.0,3.96144,silence
mixed_audio156a.wav,3.96144,5.96144,speech
mixed_audio156a.wav,5.96144,7.01669,silence
mixed_audio156a.wav,7.01669,8.01669,music
mixed_audio156a.wav,8.01669,10.0,silence
mixed_audio157a.wav,0.0,2.86762,silence
mixed_audio157a.wav,2.86762,4.8676200000000005,speech
mixed_audio157a.wav,4.8676200000000005,4.93031,silence
mixed_audio157a.wav,4.93031,5.93031,music
mixed_audio157a.wav,5.93031,10.0,silence
mixed_audio158a.wav,0.0,3.48956,silence
mixed_audio158a.wav,3.48956,6.48956,music
mixed_audio158a.wav,6.48956,7.385,silence
mixed_audio158a.wav,7.385,8.385,speech
mixed_audio158a.wav,8.385,10.0,silence
mixed_audio159a.wav,0.0,2.168,silence
mixed_audio159a.wav,2.168,5.168,speech
mixed_audio159a.wav,5.168,8.215,silence
mixed_audio159a.wav,8.215,9.215,music
mixed_audio159a.wav,9.215,10.0,silence
mixed_audio15a.wav,0.0,0.24063,silence
mixed_audio15a.wav,0.24063,3.24063,music
mixed_audio15a.wav,3.24063,6.97544,silence
mixed_audio15a.wav,6.97544,9.975439999999999,speech
mixed_audio160a.wav,0.0,2.28356,silence
mixed_audio160a.wav,2.28356,5.28356,speech
mixed_audio160a.wav,5.28356,5.47569,silence
mixed_audio160a.wav,5.47569,8.47569,music
mixed_audio160a.wav,8.47569,10.0,silence
mixed_audio161a.wav,0.0,3.7685,silence
mixed_audio161a.wav,3.7685,4.7684999999999995,music
mixed_audio161a.wav,4.7684999999999995,8.13438,silence
mixed_audio161a.wav,8.13438,9.13438,speech
mixed_audio161a.wav,9.13438,10.0,silence
mixed_audio162a.wav,0.0,0.06544,silence
mixed_audio162a.wav,0.06544,1.06544,speech
mixed_audio162a.wav,1.06544,7.58638,silence
mixed_audio162a.wav,7.58638,8.58638,music
mixed_audio162a.wav,8.58638,10.0,silence
mixed_audio163a.wav,0.0,0.56888,silence
mixed_audio163a.wav,0.56888,4.56888,speech
mixed_audio163a.wav,4.56888,6.57581,silence
mixed_audio163a.wav,6.57581,9.57581,music
mixed_audio163a.wav,9.57581,10.0,silence
mixed_audio164a.wav,0.0,1.38975,silence
mixed_audio164a.wav,1.38975,2.3897500000000003,speech
mixed_audio164a.wav,2.3897500000000003,5.17675,silence
mixed_audio164a.wav,5.17675,8.17675,music
mixed_audio164a.wav,8.17675,10.0,silence
mixed_audio165a.wav,0.0,2.94875,silence
mixed_audio165a.wav,2.94875,3.94875,music
mixed_audio165a.wav,3.94875,4.70725,silence
mixed_audio165a.wav,4.70725,8.70725,speech
mixed_audio165a.wav,8.70725,10.0,silence
mixed_audio166a.wav,0.0,1.698,silence
mixed_audio166a.wav,1.698,5.698,music
mixed_audio166a.wav,5.698,6.8525,silence
mixed_audio166a.wav,6.8525,9.8525,speech
mixed_audio166a.wav,9.8525,10.0,silence
mixed_audio167a.wav,0.0,0.43062,silence
mixed_audio167a.wav,0.43062,2.4306200000000002,music
mixed_audio167a.wav,2.4306200000000002,5.31275,silence
mixed_audio167a.wav,5.31275,8.312750000000001,speech
mixed_audio167a.wav,8.312750000000001,10.0,silence
mixed_audio168a.wav,0.0,1.34156,silence
mixed_audio168a.wav,1.34156,2.3415600000000003,speech
mixed_audio168a.wav,2.3415600000000003,6.41481,silence
mixed_audio168a.wav,6.41481,7.41481,music
mixed_audio168a.wav,7.41481,10.0,silence
mixed_audio169a.wav,0.0,0.9545,silence
mixed_audio169a.wav,0.9545,1.9545,music
mixed_audio169a.wav,1.9545,5.02062,silence
mixed_audio169a.wav,5.02062,8.020620000000001,speech
mixed_audio169a.wav,8.020620000000001,10.0,silence
mixed_audio16a.wav,0.0,1.59312,silence
mixed_audio16a.wav,1.59312,3.59312,speech
mixed_audio16a.wav,3.59312,5.69881,silence
mixed_audio16a.wav,5.69881,9.69881,music
mixed_audio16a.wav,9.69881,10.0,silence
mixed_audio170a.wav,0.0,2.80356,silence
mixed_audio170a.wav,2.80356,5.80356,speech
mixed_audio170a.wav,5.80356,6.1495,silence
mixed_audio170a.wav,6.1495,9.1495,music
mixed_audio170a.wav,9.1495,10.0,silence
mixed_audio171a.wav,0.0,0.29287,silence
mixed_audio171a.wav,0.29287,4.29287,music
mixed_audio171a.wav,4.29287,5.43562,silence
mixed_audio171a.wav,5.43562,8.43562,speech
mixed_audio171a.wav,8.43562,10.0,silence
mixed_audio172a.wav,0.0,1.36394,silence
mixed_audio172a.wav,1.36394,4.3639399999999995,speech
mixed_audio172a.wav,4.3639399999999995,7.43569,silence
mixed_audio172a.wav,7.43569,9.435690000000001,music
mixed_audio172a.wav,9.435690000000001,10.0,silence
mixed_audio173a.wav,0.0,1.10981,silence
mixed_audio173a.wav,1.10981,5.1098099999999995,speech
mixed_audio173a.wav,5.1098099999999995,5.47569,silence
mixed_audio173a.wav,5.47569,9.47569,music
mixed_audio173a.wav,9.47569,10.0,silence
mixed_audio174a.wav,0.0,0.63613,silence
mixed_audio174a.wav,0.63613,3.63613,speech
mixed_audio174a.wav,3.63613,4.10331,silence
mixed_audio174a.wav,4.10331,8.10331,music
mixed_audio174a.wav,8.10331,10.0,silence
mixed_audio175a.wav,0.0,1.77963,silence
mixed_audio175a.wav,1.77963,3.77963,music
mixed_audio175a.wav,3.77963,7.16856,silence
mixed_audio175a.wav,7.16856,8.16856,speech
mixed_audio175a.wav,8.16856,10.0,silence
mixed_audio176a.wav,0.0,0.4625,silence
mixed_audio176a.wav,0.4625,1.4625,speech
mixed_audio176a.wav,1.4625,3.61362,silence
mixed_audio176a.wav,3.61362,6.61362,music
mixed_audio176a.wav,6.61362,10.0,silence
mixed_audio177a.wav,0.0,3.62131,silence
mixed_audio177a.wav,3.62131,4.621309999999999,speech
mixed_audio177a.wav,4.621309999999999,5.42762,silence
mixed_audio177a.wav,5.42762,8.427620000000001,music
mixed_audio177a.wav,8.427620000000001,10.0,silence
mixed_audio178a.wav,0.0,2.94556,silence
mixed_audio178a.wav,2.94556,4.94556,speech
mixed_audio178a.wav,4.94556,6.07512,silence
mixed_audio178a.wav,6.07512,7.07512,music
mixed_audio178a.wav,7.07512,10.0,silence
mixed_audio179a.wav,0.0,0.82956,silence
mixed_audio179a.wav,0.82956,4.82956,speech
mixed_audio179a.wav,4.82956,6.09738,silence
mixed_audio179a.wav,6.09738,9.097380000000001,music
mixed_audio179a.wav,9.097380000000001,10.0,silence
mixed_audio17a.wav,0.0,2.139,silence
mixed_audio17a.wav,2.139,4.138999999999999,music
mixed_audio17a.wav,4.138999999999999,4.72288,silence
mixed_audio17a.wav,4.72288,8.72288,speech
mixed_audio17a.wav,8.72288,10.0,silence
mixed_audio180a.wav,0.0,0.13906,silence
mixed_audio180a.wav,0.13906,3.13906,speech
mixed_audio180a.wav,3.13906,3.60188,silence
mixed_audio180a.wav,3.60188,7.6018799999999995,music
mixed_audio180a.wav,7.6018799999999995,10.0,silence
mixed_audio181a.wav,0.0,3.16688,silence
mixed_audio181a.wav,3.16688,5.16688,music
mixed_audio181a.wav,5.16688,5.9206199999999995,silence
mixed_audio181a.wav,5.9206199999999995,9.92062,speech
mixed_audio181a.wav,9.92062,10.0,silence
mixed_audio182a.wav,0.0,0.04206,silence
mixed_audio182a.wav,0.04206,2.04206,speech
mixed_audio182a.wav,2.04206,7.75475,silence
mixed_audio182a.wav,7.75475,9.75475,music
mixed_audio182a.wav,9.75475,10.0,silence
mixed_audio183a.wav,0.0,1.65356,silence
mixed_audio183a.wav,1.65356,4.65356,speech
mixed_audio183a.wav,4.65356,8.6175,silence
mixed_audio183a.wav,8.6175,9.6175,music
mixed_audio183a.wav,9.6175,10.0,silence
mixed_audio184a.wav,0.0,1.96006,silence
mixed_audio184a.wav,1.96006,2.96006,speech
mixed_audio184a.wav,2.96006,5.51694,silence
mixed_audio184a.wav,5.51694,8.51694,music
mixed_audio184a.wav,8.51694,10.0,silence
mixed_audio185a.wav,0.0,0.50825,silence
mixed_audio185a.wav,0.50825,2.50825,speech
mixed_audio185a.wav,2.50825,5.76431,silence
mixed_audio185a.wav,5.76431,9.76431,music
mixed_audio185a.wav,9.76431,10.0,silence
mixed_audio186a.wav,0.0,4.1895,silence
mixed_audio186a.wav,4.1895,5.1895,music
mixed_audio186a.wav,5.1895,5.71681,silence
mixed_audio186a.wav,5.71681,8.716809999999999,speech
mixed_audio186a.wav,8.716809999999999,10.0,silence
mixed_audio187a.wav,0.0,2.35444,silence
mixed_audio187a.wav,2.35444,3.35444,music
mixed_audio187a.wav,3.35444,4.74613,silence
mixed_audio187a.wav,4.74613,8.74613,speech
mixed_audio187a.wav,8.74613,10.0,silence
mixed_audio188a.wav,0.0,0.76725,silence
mixed_audio188a.wav,0.76725,2.7672499999999998,music
mixed_audio188a.wav,2.7672499999999998,3.43156,silence
mixed_audio188a.wav,3.43156,7.43156,speech
mixed_audio188a.wav,7.43156,10.0,silence
mixed_audio189a.wav,0.0,0.77775,silence
mixed_audio189a.wav,0.77775,4.77775,speech
mixed_audio189a.wav,4.77775,6.08219,silence
mixed_audio189a.wav,6.08219,8.08219,music
mixed_audio189a.wav,8.08219,10.0,silence
mixed_audio18a.wav,0.0,4.45688,silence
mixed_audio18a.wav,4.45688,5.45688,speech
mixed_audio18a.wav,5.45688,6.09619,silence
mixed_audio18a.wav,6.09619,8.09619,music
mixed_audio18a.wav,8.09619,10.0,silence
mixed_audio190a.wav,0.0,4.36494,silence
mixed_audio190a.wav,4.36494,5.36494,music
mixed_audio190a.wav,5.36494,6.72706,silence
mixed_audio190a.wav,6.72706,8.72706,speech
mixed_audio190a.wav,8.72706,10.0,silence
mixed_audio191a.wav,0.0,1.11187,silence
mixed_audio191a.wav,1.11187,2.1118699999999997,speech
mixed_audio191a.wav,2.1118699999999997,5.49506,silence
mixed_audio191a.wav,5.49506,9.495059999999999,music
mixed_audio191a.wav,9.495059999999999,10.0,silence
mixed_audio192a.wav,0.0,2.97063,silence
mixed_audio192a.wav,2.97063,4.97063,music
mixed_audio192a.wav,4.97063,5.70269,silence
mixed_audio192a.wav,5.70269,9.70269,speech
mixed_audio192a.wav,9.70269,10.0,silence
mixed_audio193a.wav,0.0,1.00675,silence
mixed_audio193a.wav,1.00675,5.00675,speech
mixed_audio193a.wav,5.00675,8.86956,silence
mixed_audio193a.wav,8.86956,9.86956,music
mixed_audio193a.wav,9.86956,10.0,silence
mixed_audio194a.wav,0.0,2.89812,silence
mixed_audio194a.wav,2.89812,3.89812,music
mixed_audio194a.wav,3.89812,6.24369,silence
mixed_audio194a.wav,6.24369,9.24369,speech
mixed_audio194a.wav,9.24369,10.0,silence
mixed_audio195a.wav,0.0,3.47881,silence
mixed_audio195a.wav,3.47881,5.47881,music
mixed_audio195a.wav,5.47881,5.85419,silence
mixed_audio195a.wav,5.85419,9.85419,speech
mixed_audio195a.wav,9.85419,10.0,silence
mixed_audio196a.wav,0.0,0.24119,silence
mixed_audio196a.wav,0.24119,1.24119,speech
mixed_audio196a.wav,1.24119,5.45538,silence
mixed_audio196a.wav,5.45538,8.45538,music
mixed_audio196a.wav,8.45538,10.0,silence
mixed_audio197a.wav,0.0,0.34075,silence
mixed_audio197a.wav,0.34075,2.34075,music
mixed_audio197a.wav,2.34075,2.5055,silence
mixed_audio197a.wav,2.5055,6.5055,speech
mixed_audio197a.wav,6.5055,10.0,silence
mixed_audio198a.wav,0.0,1.85306,silence
mixed_audio198a.wav,1.85306,2.85306,speech
mixed_audio198a.wav,2.85306,3.69431,silence
mixed_audio198a.wav,3.69431,5.69431,music
mixed_audio198a.wav,5.69431,10.0,silence
mixed_audio199a.wav,0.0,2.54756,silence
mixed_audio199a.wav,2.54756,4.54756,music
mixed_audio199a.wav,4.54756,4.80037,silence
mixed_audio199a.wav,4.80037,8.800370000000001,speech
mixed_audio199a.wav,8.800370000000001,10.0,silence
mixed_audio19a.wav,0.0,2.54875,silence
mixed_audio19a.wav,2.54875,3.54875,music
mixed_audio19a.wav,3.54875,6.29375,silence
mixed_audio19a.wav,6.29375,8.29375,speech
mixed_audio19a.wav,8.29375,10.0,silence
mixed_audio1a.wav,0.0,3.04825,silence
mixed_audio1a.wav,3.04825,6.0482499999999995,music
mixed_audio1a.wav,6.0482499999999995,6.24375,silence
mixed_audio1a.wav,6.24375,9.24375,speech
mixed_audio1a.wav,9.24375,10.0,silence
mixed_audio200a.wav,0.0,2.68712,silence
mixed_audio200a.wav,2.68712,5.68712,speech
mixed_audio200a.wav,5.68712,6.88288,silence
mixed_audio200a.wav,6.88288,9.88288,music
mixed_audio200a.wav,9.88288,10.0,silence
mixed_audio201a.wav,0.0,1.58069,silence
mixed_audio201a.wav,1.58069,3.5806899999999997,music
mixed_audio201a.wav,3.5806899999999997,3.90075,silence
mixed_audio201a.wav,3.90075,7.90075,speech
mixed_audio201a.wav,7.90075,10.0,silence
mixed_audio202a.wav,0.0,2.72694,silence
mixed_audio202a.wav,2.72694,5.72694,music
mixed_audio202a.wav,5.72694,5.84006,silence
mixed_audio202a.wav,5.84006,8.840060000000001,speech
mixed_audio202a.wav,8.840060000000001,10.0,silence
mixed_audio203a.wav,0.0,2.38519,silence
mixed_audio203a.wav,2.38519,5.38519,music
mixed_audio203a.wav,5.38519,6.33962,silence
mixed_audio203a.wav,6.33962,8.33962,speech
mixed_audio203a.wav,8.33962,10.0,silence
mixed_audio204a.wav,0.0,0.82144,silence
mixed_audio204a.wav,0.82144,2.82144,speech
mixed_audio204a.wav,2.82144,3.38669,silence
mixed_audio204a.wav,3.38669,7.38669,music
mixed_audio204a.wav,7.38669,10.0,silence
mixed_audio205a.wav,0.0,3.82856,silence
mixed_audio205a.wav,3.82856,5.8285599999999995,speech
mixed_audio205a.wav,5.8285599999999995,5.88237,silence
mixed_audio205a.wav,5.88237,9.88237,music
mixed_audio205a.wav,9.88237,10.0,silence
mixed_audio206a.wav,0.0,1.54212,silence
mixed_audio206a.wav,1.54212,5.54212,speech
mixed_audio206a.wav,5.54212,6.42631,silence
mixed_audio206a.wav,6.42631,8.42631,music
mixed_audio206a.wav,8.42631,10.0,silence
mixed_audio207a.wav,0.0,3.42212,silence
mixed_audio207a.wav,3.42212,6.42212,speech
mixed_audio207a.wav,6.42212,7.52269,silence
mixed_audio207a.wav,7.52269,9.52269,music
mixed_audio207a.wav,9.52269,10.0,silence
mixed_audio208a.wav,0.0,0.30212,silence
mixed_audio208a.wav,0.30212,3.30212,speech
mixed_audio208a.wav,3.30212,6.79788,silence
mixed_audio208a.wav,6.79788,9.79788,music
mixed_audio208a.wav,9.79788,10.0,silence
mixed_audio209a.wav,0.0,0.26362,silence
mixed_audio209a.wav,0.26362,4.26362,speech
mixed_audio209a.wav,4.26362,8.26587,silence
mixed_audio209a.wav,8.26587,9.26587,music
mixed_audio209a.wav,9.26587,10.0,silence
mixed_audio20a.wav,0.0,4.20806,silence
mixed_audio20a.wav,4.20806,5.20806,music
mixed_audio20a.wav,5.20806,5.80931,silence
mixed_audio20a.wav,5.80931,9.80931,speech
mixed_audio20a.wav,9.80931,10.0,silence
mixed_audio210a.wav,0.0,0.41131,silence
mixed_audio210a.wav,0.41131,2.41131,speech
mixed_audio210a.wav,2.41131,6.33887,silence
mixed_audio210a.wav,6.33887,8.33887,music
mixed_audio210a.wav,8.33887,10.0,silence
mixed_audio211a.wav,0.0,1.10325,silence
mixed_audio211a.wav,1.10325,4.10325,music
mixed_audio211a.wav,4.10325,6.36113,silence
mixed_audio211a.wav,6.36113,9.36113,speech
mixed_audio211a.wav,9.36113,10.0,silence
mixed_audio212a.wav,0.0,2.11369,silence
mixed_audio212a.wav,2.11369,4.11369,music
mixed_audio212a.wav,4.11369,7.59037,silence
mixed_audio212a.wav,7.59037,9.59037,speech
mixed_audio212a.wav,9.59037,10.0,silence
mixed_audio213a.wav,0.0,0.34269,silence
mixed_audio213a.wav,0.34269,1.34269,speech
mixed_audio213a.wav,1.34269,4.70725,silence
mixed_audio213a.wav,4.70725,7.70725,music
mixed_audio213a.wav,7.70725,10.0,silence
mixed_audio214a.wav,0.0,2.70181,silence
mixed_audio214a.wav,2.70181,6.70181,speech
mixed_audio214a.wav,6.70181,7.61781,silence
mixed_audio214a.wav,7.61781,9.61781,music
mixed_audio214a.wav,9.61781,10.0,silence
mixed_audio215a.wav,0.0,0.64306,silence
mixed_audio215a.wav,0.64306,3.64306,music
mixed_audio215a.wav,3.64306,7.18781,silence
mixed_audio215a.wav,7.18781,9.187809999999999,speech
mixed_audio215a.wav,9.187809999999999,10.0,silence
mixed_audio216a.wav,0.0,0.5845,silence
mixed_audio216a.wav,0.5845,4.5845,music
mixed_audio216a.wav,4.5845,5.02725,silence
mixed_audio216a.wav,5.02725,9.02725,speech
mixed_audio216a.wav,9.02725,10.0,silence
mixed_audio217a.wav,0.0,3.30187,silence
mixed_audio217a.wav,3.30187,5.30187,speech
mixed_audio217a.wav,5.30187,5.53238,silence
mixed_audio217a.wav,5.53238,9.53238,music
mixed_audio217a.wav,9.53238,10.0,silence
mixed_audio218a.wav,0.0,2.48963,silence
mixed_audio218a.wav,2.48963,5.48963,music
mixed_audio218a.wav,5.48963,5.96537,silence
mixed_audio218a.wav,5.96537,9.96537,speech
mixed_audio218a.wav,9.96537,10.0,silence
mixed_audio219a.wav,0.0,4.72044,silence
mixed_audio219a.wav,4.72044,6.72044,music
mixed_audio219a.wav,6.72044,8.686689999999999,silence
mixed_audio219a.wav,8.686689999999999,9.686689999999999,speech
mixed_audio219a.wav,9.686689999999999,10.0,silence
mixed_audio21a.wav,0.0,2.03944,silence
mixed_audio21a.wav,2.03944,3.03944,speech
mixed_audio21a.wav,3.03944,3.57525,silence
mixed_audio21a.wav,3.57525,7.5752500000000005,music
mixed_audio21a.wav,7.5752500000000005,10.0,silence
mixed_audio220a.wav,0.0,4.06538,silence
mixed_audio220a.wav,4.06538,5.06538,music
mixed_audio220a.wav,5.06538,5.89106,silence
mixed_audio220a.wav,5.89106,7.89106,speech
mixed_audio220a.wav,7.89106,10.0,silence
mixed_audio221a.wav,0.0,2.13806,silence
mixed_audio221a.wav,2.13806,4.138059999999999,speech
mixed_audio221a.wav,4.138059999999999,4.61656,silence
mixed_audio221a.wav,4.61656,7.61656,music
mixed_audio221a.wav,7.61656,10.0,silence
mixed_audio222a.wav,0.0,5.26013,silence
mixed_audio222a.wav,5.26013,7.26013,speech
mixed_audio222a.wav,7.26013,7.92725,silence
mixed_audio222a.wav,7.92725,8.92725,music
mixed_audio222a.wav,8.92725,10.0,silence
mixed_audio223a.wav,0.0,3.01419,silence
mixed_audio223a.wav,3.01419,5.01419,music
mixed_audio223a.wav,5.01419,6.482,silence
mixed_audio223a.wav,6.482,9.482,speech
mixed_audio223a.wav,9.482,10.0,silence
mixed_audio224a.wav,0.0,2.69619,silence
mixed_audio224a.wav,2.69619,3.69619,music
mixed_audio224a.wav,3.69619,6.48831,silence
mixed_audio224a.wav,6.48831,8.48831,speech
mixed_audio224a.wav,8.48831,10.0,silence
mixed_audio225a.wav,0.0,1.842,silence
mixed_audio225a.wav,1.842,2.842,speech
mixed_audio225a.wav,2.842,4.67956,silence
mixed_audio225a.wav,4.67956,7.67956,music
mixed_audio225a.wav,7.67956,10.0,silence
mixed_audio226a.wav,0.0,1.98931,silence
mixed_audio226a.wav,1.98931,5.98931,speech
mixed_audio226a.wav,5.98931,6.05581,silence
mixed_audio226a.wav,6.05581,9.055810000000001,music
mixed_audio226a.wav,9.055810000000001,10.0,silence
mixed_audio227a.wav,0.0,0.62719,silence
mixed_audio227a.wav,0.62719,4.62719,music
mixed_audio227a.wav,4.62719,5.52694,silence
mixed_audio227a.wav,5.52694,7.52694,speech
mixed_audio227a.wav,7.52694,10.0,silence
mixed_audio228a.wav,0.0,3.38806,silence
mixed_audio228a.wav,3.38806,4.388059999999999,speech
mixed_audio228a.wav,4.388059999999999,6.68269,silence
mixed_audio228a.wav,6.68269,9.682690000000001,music
mixed_audio228a.wav,9.682690000000001,10.0,silence
mixed_audio229a.wav,0.0,3.27456,silence
mixed_audio229a.wav,3.27456,5.27456,music
mixed_audio229a.wav,5.27456,8.38056,silence
mixed_audio229a.wav,8.38056,9.38056,speech
mixed_audio229a.wav,9.38056,10.0,silence
mixed_audio22a.wav,0.0,3.53831,silence
mixed_audio22a.wav,3.53831,4.53831,speech
mixed_audio22a.wav,4.53831,5.42231,silence
mixed_audio22a.wav,5.42231,9.42231,music
mixed_audio22a.wav,9.42231,10.0,silence
mixed_audio230a.wav,0.0,0.04069,silence
mixed_audio230a.wav,0.04069,2.04069,speech
mixed_audio230a.wav,2.04069,3.86238,silence
mixed_audio230a.wav,3.86238,7.86238,music
mixed_audio230a.wav,7.86238,10.0,silence
mixed_audio231a.wav,0.0,1.8305,silence
mixed_audio231a.wav,1.8305,5.8305,music
mixed_audio231a.wav,5.8305,6.52281,silence
mixed_audio231a.wav,6.52281,9.52281,speech
mixed_audio231a.wav,9.52281,10.0,silence
mixed_audio232a.wav,0.0,3.805,silence
mixed_audio232a.wav,3.805,4.805,speech
mixed_audio232a.wav,4.805,7.42687,silence
mixed_audio232a.wav,7.42687,8.426870000000001,music
mixed_audio232a.wav,8.426870000000001,10.0,silence
mixed_audio233a.wav,0.0,2.65125,silence
mixed_audio233a.wav,2.65125,6.65125,speech
mixed_audio233a.wav,6.65125,6.70619,silence
mixed_audio233a.wav,6.70619,8.70619,music
mixed_audio233a.wav,8.70619,10.0,silence
mixed_audio234a.wav,0.0,3.46506,silence
mixed_audio234a.wav,3.46506,4.465059999999999,music
mixed_audio234a.wav,4.465059999999999,4.79206,silence
mixed_audio234a.wav,4.79206,8.79206,speech
mixed_audio234a.wav,8.79206,10.0,silence
mixed_audio235a.wav,0.0,2.1585,silence
mixed_audio235a.wav,2.1585,5.1585,music
mixed_audio235a.wav,5.1585,5.94225,silence
mixed_audio235a.wav,5.94225,9.94225,speech
mixed_audio235a.wav,9.94225,10.0,silence
mixed_audio236a.wav,0.0,1.06319,silence
mixed_audio236a.wav,1.06319,2.06319,speech
mixed_audio236a.wav,2.06319,4.73106,silence
mixed_audio236a.wav,4.73106,7.73106,music
mixed_audio236a.wav,7.73106,10.0,silence
mixed_audio237a.wav,0.0,1.7845,silence
mixed_audio237a.wav,1.7845,5.7844999999999995,speech
mixed_audio237a.wav,5.7844999999999995,5.91631,silence
mixed_audio237a.wav,5.91631,8.91631,music
mixed_audio237a.wav,8.91631,10.0,silence
mixed_audio238a.wav,0.0,0.79338,silence
mixed_audio238a.wav,0.79338,2.79338,speech
mixed_audio238a.wav,2.79338,10.0,silence
mixed_audio239a.wav,0.0,2.62513,silence
mixed_audio239a.wav,2.62513,7.62513,music
mixed_audio239a.wav,7.62513,10.0,silence
mixed_audio23a.wav,0.0,0.79463,silence
mixed_audio23a.wav,0.79463,1.79463,music
mixed_audio23a.wav,1.79463,4.41094,silence
mixed_audio23a.wav,4.41094,8.41094,speech
mixed_audio23a.wav,8.41094,10.0,silence
mixed_audio240a.wav,0.0,3.21787,silence
mixed_audio240a.wav,3.21787,9.21787,music
mixed_audio240a.wav,9.21787,10.0,silence
mixed_audio241a.wav,0.0,2.572,silence
mixed_audio241a.wav,2.572,3.572,music
mixed_audio241a.wav,3.572,10.0,silence
mixed_audio24a.wav,0.0,1.53925,silence
mixed_audio24a.wav,1.53925,4.53925,music
mixed_audio24a.wav,4.53925,6.70019,silence
mixed_audio24a.wav,6.70019,8.70019,speech
mixed_audio24a.wav,8.70019,10.0,silence
mixed_audio25a.wav,0.0,2.08006,silence
mixed_audio25a.wav,2.08006,4.08006,speech
mixed_audio25a.wav,4.08006,4.59044,silence
mixed_audio25a.wav,4.59044,6.59044,music
mixed_audio25a.wav,6.59044,10.0,silence
mixed_audio26a.wav,0.0,2.88837,silence
mixed_audio26a.wav,2.88837,5.88837,music
mixed_audio26a.wav,5.88837,7.54506,silence
mixed_audio26a.wav,7.54506,9.54506,speech
mixed_audio26a.wav,9.54506,10.0,silence
mixed_audio27a.wav,0.0,0.49944,silence
mixed_audio27a.wav,0.49944,4.49944,speech
mixed_audio27a.wav,4.49944,5.15956,silence
mixed_audio27a.wav,5.15956,8.159559999999999,music
mixed_audio27a.wav,8.159559999999999,10.0,silence
mixed_audio28a.wav,0.0,3.28806,silence
mixed_audio28a.wav,3.28806,5.28806,music
mixed_audio28a.wav,5.28806,5.34006,silence
mixed_audio28a.wav,5.34006,9.340060000000001,speech
mixed_audio28a.wav,9.340060000000001,10.0,silence
mixed_audio29a.wav,0.0,3.52831,silence
mixed_audio29a.wav,3.52831,4.528309999999999,speech
mixed_audio29a.wav,4.528309999999999,7.38762,silence
mixed_audio29a.wav,7.38762,9.38762,music
mixed_audio29a.wav,9.38762,10.0,silence
mixed_audio2a.wav,0.0,1.75506,silence
mixed_audio2a.wav,1.75506,5.75506,music
mixed_audio2a.wav,5.75506,6.54075,silence
mixed_audio2a.wav,6.54075,9.54075,speech
mixed_audio2a.wav,9.54075,10.0,silence
mixed_audio30a.wav,0.0,1.30438,silence
mixed_audio30a.wav,1.30438,4.30438,speech
mixed_audio30a.wav,4.30438,5.36313,silence
mixed_audio30a.wav,5.36313,9.36313,music
mixed_audio30a.wav,9.36313,10.0,silence
mixed_audio31a.wav,0.0,6.596,silence
mixed_audio31a.wav,6.596,7.596,speech
mixed_audio31a.wav,7.596,7.90125,silence
mixed_audio31a.wav,7.90125,9.901250000000001,music
mixed_audio31a.wav,9.901250000000001,10.0,silence
mixed_audio32a.wav,0.0,1.05494,silence
mixed_audio32a.wav,1.05494,5.05494,speech
mixed_audio32a.wav,5.05494,5.85044,silence
mixed_audio32a.wav,5.85044,9.850439999999999,music
mixed_audio32a.wav,9.850439999999999,10.0,silence
mixed_audio33a.wav,0.0,5.08625,silence
mixed_audio33a.wav,5.08625,6.08625,music
mixed_audio33a.wav,6.08625,6.24531,silence
mixed_audio33a.wav,6.24531,9.24531,speech
mixed_audio33a.wav,9.24531,10.0,silence
mixed_audio34a.wav,0.0,3.18438,silence
mixed_audio34a.wav,3.18438,4.18438,speech
mixed_audio34a.wav,4.18438,7.69787,silence
mixed_audio34a.wav,7.69787,8.69787,music
mixed_audio34a.wav,8.69787,10.0,silence
mixed_audio35a.wav,0.0,4.39875,silence
mixed_audio35a.wav,4.39875,5.39875,speech
mixed_audio35a.wav,5.39875,5.511,silence
mixed_audio35a.wav,5.511,9.511,music
mixed_audio35a.wav,9.511,10.0,silence
mixed_audio36a.wav,0.0,0.62631,silence
mixed_audio36a.wav,0.62631,4.62631,music
mixed_audio36a.wav,4.62631,6.81344,silence
mixed_audio36a.wav,6.81344,9.81344,speech
mixed_audio36a.wav,9.81344,10.0,silence
mixed_audio37a.wav,0.0,1.73744,silence
mixed_audio37a.wav,1.73744,5.73744,speech
mixed_audio37a.wav,5.73744,6.23075,silence
mixed_audio37a.wav,6.23075,9.23075,music
mixed_audio37a.wav,9.23075,10.0,silence
mixed_audio38a.wav,0.0,3.37494,silence
mixed_audio38a.wav,3.37494,6.3749400000000005,music
mixed_audio38a.wav,6.3749400000000005,7.49794,silence
mixed_audio38a.wav,7.49794,8.49794,speech
mixed_audio38a.wav,8.49794,10.0,silence
mixed_audio39a.wav,0.0,3.25194,silence
mixed_audio39a.wav,3.25194,5.251939999999999,speech
mixed_audio39a.wav,5.251939999999999,6.49419,silence
mixed_audio39a.wav,6.49419,8.49419,music
mixed_audio39a.wav,8.49419,10.0,silence
mixed_audio3a.wav,0.0,2.03575,silence
mixed_audio3a.wav,2.03575,3.03575,speech
mixed_audio3a.wav,3.03575,4.7733799999999995,silence
mixed_audio3a.wav,4.7733799999999995,8.77338,music
mixed_audio3a.wav,8.77338,10.0,silence
mixed_audio40a.wav,0.0,0.1905,silence
mixed_audio40a.wav,0.1905,2.1905,speech
mixed_audio40a.wav,2.1905,3.74494,silence
mixed_audio40a.wav,3.74494,4.74494,music
mixed_audio40a.wav,4.74494,10.0,silence
mixed_audio41a.wav,0.0,1.58081,silence
mixed_audio41a.wav,1.58081,5.58081,music
mixed_audio41a.wav,5.58081,5.72694,silence
mixed_audio41a.wav,5.72694,9.726939999999999,speech
mixed_audio41a.wav,9.726939999999999,10.0,silence
mixed_audio42a.wav,0.0,3.17338,silence
mixed_audio42a.wav,3.17338,4.17338,music
mixed_audio42a.wav,4.17338,5.89462,silence
mixed_audio42a.wav,5.89462,6.89462,speech
mixed_audio42a.wav,6.89462,10.0,silence
mixed_audio43a.wav,0.0,1.31513,silence
mixed_audio43a.wav,1.31513,3.31513,music
mixed_audio43a.wav,3.31513,5.93119,silence
mixed_audio43a.wav,5.93119,9.93119,speech
mixed_audio43a.wav,9.93119,10.0,silence
mixed_audio44a.wav,0.0,0.06456,silence
mixed_audio44a.wav,0.06456,1.06456,music
mixed_audio44a.wav,1.06456,7.76612,silence
mixed_audio44a.wav,7.76612,9.76612,speech
mixed_audio44a.wav,9.76612,10.0,silence
mixed_audio45a.wav,0.0,5.02881,silence
mixed_audio45a.wav,5.02881,7.02881,speech
mixed_audio45a.wav,7.02881,7.47819,silence
mixed_audio45a.wav,7.47819,9.47819,music
mixed_audio45a.wav,9.47819,10.0,silence
mixed_audio46a.wav,0.0,0.23663,silence
mixed_audio46a.wav,0.23663,3.23663,music
mixed_audio46a.wav,3.23663,3.61431,silence
mixed_audio46a.wav,3.61431,7.61431,speech
mixed_audio46a.wav,7.61431,10.0,silence
mixed_audio47a.wav,0.0,1.55375,silence
mixed_audio47a.wav,1.55375,5.55375,music
mixed_audio47a.wav,5.55375,5.84456,silence
mixed_audio47a.wav,5.84456,9.844560000000001,speech
mixed_audio47a.wav,9.844560000000001,10.0,silence
mixed_audio48a.wav,0.0,3.07687,silence
mixed_audio48a.wav,3.07687,5.0768699999999995,speech
mixed_audio48a.wav,5.0768699999999995,5.42825,silence
mixed_audio48a.wav,5.42825,7.42825,music
mixed_audio48a.wav,7.42825,10.0,silence
mixed_audio49a.wav,0.0,0.22412,silence
mixed_audio49a.wav,0.22412,2.22412,music
mixed_audio49a.wav,2.22412,7.50681,silence
mixed_audio49a.wav,7.50681,9.50681,speech
mixed_audio49a.wav,9.50681,10.0,silence
mixed_audio4a.wav,0.0,3.43869,silence
mixed_audio4a.wav,3.43869,5.438689999999999,speech
mixed_audio4a.wav,5.438689999999999,6.96081,silence
mixed_audio4a.wav,6.96081,8.96081,music
mixed_audio4a.wav,8.96081,10.0,silence
mixed_audio50a.wav,0.0,2.7805,silence
mixed_audio50a.wav,2.7805,5.7805,speech
mixed_audio50a.wav,5.7805,5.847,silence
mixed_audio50a.wav,5.847,9.847000000000001,music
mixed_audio50a.wav,9.847000000000001,10.0,silence
mixed_audio51a.wav,0.0,1.96494,silence
mixed_audio51a.wav,1.96494,4.96494,music
mixed_audio51a.wav,4.96494,7.19019,silence
mixed_audio51a.wav,7.19019,9.190190000000001,speech
mixed_audio51a.wav,9.190190000000001,10.0,silence
mixed_audio52a.wav,0.0,3.2095,silence
mixed_audio52a.wav,3.2095,4.2095,speech
mixed_audio52a.wav,4.2095,4.30544,silence
mixed_audio52a.wav,4.30544,8.30544,music
mixed_audio52a.wav,8.30544,10.0,silence
mixed_audio53a.wav,0.0,3.83344,silence
mixed_audio53a.wav,3.83344,4.8334399999999995,speech
mixed_audio53a.wav,4.8334399999999995,4.95725,silence
mixed_audio53a.wav,4.95725,6.95725,music
mixed_audio53a.wav,6.95725,10.0,silence
mixed_audio54a.wav,0.0,2.31062,silence
mixed_audio54a.wav,2.31062,6.31062,speech
mixed_audio54a.wav,6.31062,7.73862,silence
mixed_audio54a.wav,7.73862,8.738620000000001,music
mixed_audio54a.wav,8.738620000000001,10.0,silence
mixed_audio55a.wav,0.0,2.96762,silence
mixed_audio55a.wav,2.96762,3.96762,speech
mixed_audio55a.wav,3.96762,8.88719,silence
mixed_audio55a.wav,8.88719,9.88719,music
mixed_audio55a.wav,9.88719,10.0,silence
mixed_audio56a.wav,0.0,4.1115,silence
mixed_audio56a.wav,4.1115,5.1115,music
mixed_audio56a.wav,5.1115,5.40869,silence
mixed_audio56a.wav,5.40869,6.40869,speech
mixed_audio56a.wav,6.40869,10.0,silence
mixed_audio57a.wav,0.0,5.26237,silence
mixed_audio57a.wav,5.26237,7.26237,music
mixed_audio57a.wav,7.27088,9.27088,speech
mixed_audio57a.wav,9.27088,10.0,silence
mixed_audio58a.wav,0.0,1.81375,silence
mixed_audio58a.wav,1.81375,3.8137499999999998,speech
mixed_audio58a.wav,3.8137499999999998,6.98681,silence
mixed_audio58a.wav,6.98681,7.98681,music
mixed_audio58a.wav,7.98681,10.0,silence
mixed_audio59a.wav,0.0,2.16856,silence
mixed_audio59a.wav,2.16856,6.168559999999999,speech
mixed_audio59a.wav,6.168559999999999,7.988,silence
mixed_audio59a.wav,7.988,9.988,music
mixed_audio5a.wav,0.0,0.28425,silence
mixed_audio5a.wav,0.28425,2.28425,speech
mixed_audio5a.wav,2.28425,2.78138,silence
mixed_audio5a.wav,2.78138,4.78138,music
mixed_audio5a.wav,4.78138,10.0,silence
mixed_audio60a.wav,0.0,0.51125,silence
mixed_audio60a.wav,0.51125,3.51125,speech
mixed_audio60a.wav,3.51125,3.5545,silence
mixed_audio60a.wav,3.5545,7.5545,music
mixed_audio60a.wav,7.5545,10.0,silence
mixed_audio61a.wav,0.0,1.91538,silence
mixed_audio61a.wav,1.91538,5.91538,music
mixed_audio61a.wav,5.91538,6.47719,silence
mixed_audio61a.wav,6.47719,9.47719,speech
mixed_audio61a.wav,9.47719,10.0,silence
mixed_audio62a.wav,0.0,2.84725,silence
mixed_audio62a.wav,2.84725,5.84725,speech
mixed_audio62a.wav,5.84725,8.01625,silence
mixed_audio62a.wav,8.01625,9.01625,music
mixed_audio62a.wav,9.01625,10.0,silence
mixed_audio63a.wav,0.0,0.04794,silence
mixed_audio63a.wav,0.04794,2.04794,speech
mixed_audio63a.wav,2.04794,5.35575,silence
mixed_audio63a.wav,5.35575,6.35575,music
mixed_audio63a.wav,6.35575,10.0,silence
mixed_audio64a.wav,0.0,0.51825,silence
mixed_audio64a.wav,0.51825,1.51825,speech
mixed_audio64a.wav,1.51825,4.62594,silence
mixed_audio64a.wav,4.62594,8.62594,music
mixed_audio64a.wav,8.62594,10.0,silence
mixed_audio65a.wav,0.0,3.19594,silence
mixed_audio65a.wav,3.19594,5.19594,music
mixed_audio65a.wav,5.19594,5.29056,silence
mixed_audio65a.wav,5.29056,9.29056,speech
mixed_audio65a.wav,9.29056,10.0,silence
mixed_audio66a.wav,0.0,1.13462,silence
mixed_audio66a.wav,1.13462,4.13462,music
mixed_audio66a.wav,4.13462,6.32419,silence
mixed_audio66a.wav,6.32419,8.32419,speech
mixed_audio66a.wav,8.32419,10.0,silence
mixed_audio67a.wav,0.0,0.17888,silence
mixed_audio67a.wav,0.17888,4.17888,music
mixed_audio67a.wav,4.17888,5.95075,silence
mixed_audio67a.wav,5.95075,8.95075,speech
mixed_audio67a.wav,8.95075,10.0,silence
mixed_audio68a.wav,0.0,3.23444,silence
mixed_audio68a.wav,3.23444,5.23444,music
mixed_audio68a.wav,5.23444,8.12994,silence
mixed_audio68a.wav,8.12994,9.12994,speech
mixed_audio68a.wav,9.12994,10.0,silence
mixed_audio69a.wav,0.0,1.00306,silence
mixed_audio69a.wav,1.00306,4.00306,music
mixed_audio69a.wav,4.00306,4.77013,silence
mixed_audio69a.wav,4.77013,8.77013,speech
mixed_audio69a.wav,8.77013,10.0,silence
mixed_audio6a.wav,0.0,0.42512,silence
mixed_audio6a.wav,0.42512,4.42512,music
mixed_audio6a.wav,4.42512,5.40463,silence
mixed_audio6a.wav,5.40463,8.404630000000001,speech
mixed_audio6a.wav,8.404630000000001,10.0,silence
mixed_audio70a.wav,0.0,4.34469,silence
mixed_audio70a.wav,4.34469,5.34469,speech
mixed_audio70a.wav,5.34469,5.37162,silence
mixed_audio70a.wav,5.37162,8.37162,music
mixed_audio70a.wav,8.37162,10.0,silence
mixed_audio71a.wav,0.0,1.89756,silence
mixed_audio71a.wav,1.89756,3.89756,speech
mixed_audio71a.wav,3.89756,6.30162,silence
mixed_audio71a.wav,6.30162,9.30162,music
mixed_audio71a.wav,9.30162,10.0,silence
mixed_audio72a.wav,0.0,0.2385,silence
mixed_audio72a.wav,0.2385,3.2385,music
mixed_audio72a.wav,3.2385,7.11456,silence
mixed_audio72a.wav,7.11456,9.11456,speech
mixed_audio72a.wav,9.11456,10.0,silence
mixed_audio73a.wav,0.0,2.26631,silence
mixed_audio73a.wav,2.26631,5.26631,music
mixed_audio73a.wav,5.26631,5.37244,silence
mixed_audio73a.wav,5.37244,9.372440000000001,speech
mixed_audio73a.wav,9.372440000000001,10.0,silence
mixed_audio74a.wav,0.0,1.21225,silence
mixed_audio74a.wav,1.21225,5.21225,speech
mixed_audio74a.wav,5.21225,5.88831,silence
mixed_audio74a.wav,5.88831,9.88831,music
mixed_audio74a.wav,9.88831,10.0,silence
mixed_audio75a.wav,0.0,0.87919,silence
mixed_audio75a.wav,0.87919,3.87919,music
mixed_audio75a.wav,3.87919,4.80337,silence
mixed_audio75a.wav,4.80337,8.803370000000001,speech
mixed_audio75a.wav,8.803370000000001,10.0,silence
mixed_audio76a.wav,0.0,3.55219,silence
mixed_audio76a.wav,3.55219,4.5521899999999995,speech
mixed_audio76a.wav,4.5521899999999995,7.66194,silence
mixed_audio76a.wav,7.66194,8.661940000000001,music
mixed_audio76a.wav,8.661940000000001,10.0,silence
mixed_audio77a.wav,0.0,2.91744,silence
mixed_audio77a.wav,2.91744,6.91744,speech
mixed_audio77a.wav,6.91744,7.57081,silence
mixed_audio77a.wav,7.57081,9.57081,music
mixed_audio77a.wav,9.57081,10.0,silence
mixed_audio78a.wav,0.0,1.57156,silence
mixed_audio78a.wav,1.57156,5.57156,music
mixed_audio78a.wav,5.57156,6.04831,silence
mixed_audio78a.wav,6.04831,9.04831,speech
mixed_audio78a.wav,9.04831,10.0,silence
mixed_audio79a.wav,0.0,2.04075,silence
mixed_audio79a.wav,2.04075,6.04075,music
mixed_audio79a.wav,6.04075,7.63175,silence
mixed_audio79a.wav,7.63175,8.63175,speech
mixed_audio79a.wav,8.63175,10.0,silence
mixed_audio7a.wav,0.0,2.6345,silence
mixed_audio7a.wav,2.6345,5.6345,speech
mixed_audio7a.wav,5.6345,6.80819,silence
mixed_audio7a.wav,6.80819,8.80819,music
mixed_audio7a.wav,8.80819,10.0,silence
mixed_audio80a.wav,0.0,1.463,silence
mixed_audio80a.wav,1.463,5.463,speech
mixed_audio80a.wav,5.463,5.56094,silence
mixed_audio80a.wav,5.56094,8.56094,music
mixed_audio80a.wav,8.56094,10.0,silence
mixed_audio81a.wav,0.0,2.91887,silence
mixed_audio81a.wav,2.91887,3.91887,music
mixed_audio81a.wav,3.91887,4.36137,silence
mixed_audio81a.wav,4.36137,8.36137,speech
mixed_audio81a.wav,8.36137,10.0,silence
mixed_audio82a.wav,0.0,1.12462,silence
mixed_audio82a.wav,1.12462,2.12462,music
mixed_audio82a.wav,2.12462,5.03756,silence
mixed_audio82a.wav,5.03756,9.03756,speech
mixed_audio82a.wav,9.03756,10.0,silence
mixed_audio83a.wav,0.0,2.08188,silence
mixed_audio83a.wav,2.08188,3.08188,music
mixed_audio83a.wav,3.08188,6.97256,silence
mixed_audio83a.wav,6.97256,8.97256,speech
mixed_audio83a.wav,8.97256,10.0,silence
mixed_audio84a.wav,0.0,3.33913,silence
mixed_audio84a.wav,3.33913,5.33913,music
mixed_audio84a.wav,5.33913,5.73119,silence
mixed_audio84a.wav,5.73119,9.73119,speech
mixed_audio84a.wav,9.73119,10.0,silence
mixed_audio85a.wav,0.0,2.35781,silence
mixed_audio85a.wav,2.35781,5.357810000000001,speech
mixed_audio85a.wav,5.357810000000001,6.29681,silence
mixed_audio85a.wav,6.29681,9.29681,music
mixed_audio85a.wav,9.29681,10.0,silence
mixed_audio86a.wav,0.0,1.89237,silence
mixed_audio86a.wav,1.89237,3.89237,speech
mixed_audio86a.wav,3.89237,6.45575,silence
mixed_audio86a.wav,6.45575,9.45575,music
mixed_audio86a.wav,9.45575,10.0,silence
mixed_audio87a.wav,0.0,3.9825,silence
mixed_audio87a.wav,3.9825,5.9825,music
mixed_audio87a.wav,5.9825,6.15375,silence
mixed_audio87a.wav,6.15375,8.153749999999999,speech
mixed_audio87a.wav,8.153749999999999,10.0,silence
mixed_audio88a.wav,0.0,4.615,silence
mixed_audio88a.wav,4.615,8.615,music
mixed_audio88a.wav,8.615,8.74194,silence
mixed_audio88a.wav,8.74194,9.74194,speech
mixed_audio88a.wav,9.74194,10.0,silence
mixed_audio89a.wav,0.0,2.31131,silence
mixed_audio89a.wav,2.31131,5.311310000000001,music
mixed_audio89a.wav,5.311310000000001,5.55044,silence
mixed_audio89a.wav,5.55044,7.55044,speech
mixed_audio89a.wav,7.55044,10.0,silence
mixed_audio8a.wav,0.0,1.882,silence
mixed_audio8a.wav,1.882,5.882,music
mixed_audio8a.wav,5.882,5.98256,silence
mixed_audio8a.wav,5.98256,9.98256,speech
mixed_audio90a.wav,0.0,2.085,silence
mixed_audio90a.wav,2.085,5.085,music
mixed_audio90a.wav,5.085,5.73719,silence
mixed_audio90a.wav,5.73719,8.73719,speech
mixed_audio90a.wav,8.73719,10.0,silence
mixed_audio91a.wav,0.0,1.45769,silence
mixed_audio91a.wav,1.45769,5.4576899999999995,speech
mixed_audio91a.wav,5.4576899999999995,5.72825,silence
mixed_audio91a.wav,5.72825,9.72825,music
mixed_audio91a.wav,9.72825,10.0,silence
mixed_audio92a.wav,0.0,0.39556,silence
mixed_audio92a.wav,0.39556,1.3955600000000001,music
mixed_audio92a.wav,1.3955600000000001,1.57256,silence
mixed_audio92a.wav,1.57256,2.57256,speech
mixed_audio92a.wav,2.57256,10.0,silence
mixed_audio93a.wav,0.0,4.53681,silence
mixed_audio93a.wav,4.53681,6.53681,speech
mixed_audio93a.wav,6.53681,7.97275,silence
mixed_audio93a.wav,7.97275,9.97275,music
mixed_audio93a.wav,9.97275,10.0,silence
mixed_audio94a.wav,0.0,1.84081,silence
mixed_audio94a.wav,1.84081,2.8408100000000003,speech
mixed_audio94a.wav,2.8408100000000003,4.88781,silence
mixed_audio94a.wav,4.88781,8.88781,music
mixed_audio94a.wav,8.88781,10.0,silence
mixed_audio95a.wav,0.0,1.50537,silence
mixed_audio95a.wav,1.50537,4.50537,music
mixed_audio95a.wav,4.50537,5.88994,silence
mixed_audio95a.wav,5.88994,9.88994,speech
mixed_audio95a.wav,9.88994,10.0,silence
mixed_audio96a.wav,0.0,1.89263,silence
mixed_audio96a.wav,1.89263,2.89263,speech
mixed_audio96a.wav,2.89263,5.98881,silence
mixed_audio96a.wav,5.98881,8.98881,music
mixed_audio96a.wav,8.98881,10.0,silence
mixed_audio97a.wav,0.0,2.36025,silence
mixed_audio97a.wav,2.36025,3.36025,speech
mixed_audio97a.wav,3.36025,8.065249999999999,silence
mixed_audio97a.wav,8.065249999999999,9.065249999999999,music
mixed_audio97a.wav,9.065249999999999,10.0,silence
mixed_audio98a.wav,0.0,2.24156,silence
mixed_audio98a.wav,2.24156,5.24156,music
mixed_audio98a.wav,5.24156,6.64231,silence
mixed_audio98a.wav,6.64231,8.64231,speech
mixed_audio98a.wav,8.64231,10.0,silence
mixed_audio99a.wav,0.0,1.32819,silence
mixed_audio99a.wav,1.32819,2.32819,speech
mixed_audio99a.wav,2.32819,3.18975,silence
mixed_audio99a.wav,3.18975,4.18975,music
mixed_audio99a.wav,4.18975,10.0,silence
mixed_audio9a.wav,0.0,3.35275,silence
mixed_audio9a.wav,3.35275,6.35275,speech
mixed_audio9a.wav,6.35275,6.7135,silence
mixed_audio9a.wav,6.7135,9.7135,music
mixed_audio9a.wav,9.7135,10.0,silence
